RANK,NAME,POSITION,WAR,G,PA,EPA,AB,R,H,2B,3B,HR,TB,RBI,SB,CS,BB,HP,IB,SO,GDP,SH,SF,AVG,OBP,SLG,OPS,R/EPA,WRC+,TEAM
1,허경민,3B,2.46,42,172,172,147,28,54,9,0,2,69,24,1,0,12,9,0,10,1,0,4,0.367,0.436,0.469,0.905,0.07,150.1,Doosan
2,강승호,2B,2.44,43,185,184,175,27,59,11,4,9,105,33,5,3,8,0,1,57,2,0,2,0.337,0.362,0.6,0.962,0.067,147.5,Doosan
3,양의지,C,1.41,38,159,158,144,19,50,6,0,6,74,37,1,0,9,2,1,18,3,0,4,0.347,0.384,0.514,0.898,0.053,136.8,Doosan
4,조수행,CF,0.99,36,92,87,82,19,26,1,0,0,27,5,17,1,4,0,0,5,1,5,1,0.317,0.345,0.329,0.674,-0.015,86.4,Doosan
5,라모스,RF,0.97,30,127,127,113,17,34,8,2,4,58,26,2,0,9,0,0,13,1,0,5,0.301,0.339,0.513,0.852,0.04,127.6,Doosan
6,박준영,SS,0.95,34,118,117,99,16,21,5,1,4,40,14,0,0,15,2,0,32,0,1,1,0.212,0.325,0.404,0.729,-0.001,95.8,Doosan
7,정수빈,CF,0.73,42,190,186,159,31,44,5,2,1,56,12,14,3,21,3,1,17,4,4,3,0.277,0.366,0.352,0.718,-0.003,94.7,Doosan
8,이유찬,2B,0.34,17,8,8,8,5,4,1,0,0,5,1,1,1,0,0,0,1,0,0,0,0.5,0.5,0.625,1.125,0.256,291.5,Doosan
9,김재환,LF,0.32,41,168,166,139,24,33,8,0,8,65,27,0,0,24,2,2,53,5,0,3,0.237,0.351,0.468,0.819,0.013,106.9,Doosan
10,김기연,C,0.31,18,52,52,49,6,18,2,0,1,23,4,0,1,3,0,0,8,3,0,0,0.367,0.404,0.469,0.873,0.051,135.6,Doosan
11,양석환,1B,0.27,43,174,174,153,22,37,10,0,7,68,29,2,2,17,3,0,36,10,0,1,0.242,0.328,0.444,0.772,0.005,101.0,Doosan
12,김민혁,1B,0.25,5,8,8,5,1,1,0,0,1,4,2,0,0,3,0,0,3,0,0,0,0.2,0.5,0.8,1.3,0.228,270.6,Doosan
13,김재호,SS,0.06,5,18,16,11,4,3,2,0,0,5,2,0,0,4,0,0,1,1,2,1,0.273,0.438,0.455,0.893,0.062,139.0,Doosan
14,서예일,SS,0.06,2,0,0,0,0,0,0,0,0,0,0,0,0,0,0,0,0,0,0,0,,,,,,,Doosan
15,홍성호,RF,0.03,3,3,3,3,0,1,1,0,0,2,0,0,0,0,0,0,1,0,0,0,0.333,0.333,0.667,1.0,0.099,171.9,Doosan
16,장승현,C,0.02,9,23,22,20,1,4,2,0,0,6,0,0,1,2,0,0,5,0,1,0,0.2,0.273,0.3,0.573,-0.062,52.1,Doosan
17,안승한,C,0.01,4,5,5,5,0,1,0,0,0,1,0,0,0,0,0,0,1,0,0,0,0.2,0.2,0.2,0.4,-0.146,-14.1,Doosan
18,김호준,P,0.0,1,0,0,0,0,0,0,0,0,0,0,0,0,0,0,0,0,0,0,0,,,,,,,Doosan
18,김동주,P,0.0,1,0,0,0,0,0,0,0,0,0,0,0,0,0,0,0,0,0,0,0,,,,,,,Doosan
18,김민규,P,0.0,1,0,0,0,0,0,0,0,0,0,0,0,0,0,0,0,0,0,0,0,,,,,,,Doosan
18,이영하,P,0.0,1,0,0,0,0,0,0,0,0,0,0,0,0,0,0,0,0,0,0,0,,,,,,,Doosan
18,정철원,P,0.0,2,0,0,0,0,0,0,0,0,0,0,0,0,0,0,0,0,0,0,0,,,,,,,Doosan
23,전다민,RF,-0.03,2,1,1,1,1,0,0,0,0,0,0,0,0,0,0,0,0,0,0,0,0.0,0.0,0.0,0.0,-0.328,-152.6,Doosan
24,윤준호,C,-0.07,1,1,1,1,0,0,0,0,0,0,1,0,0,0,0,0,0,0,0,0,0.0,0.0,0.0,0.0,-0.328,-152.6,Doosan
25,전민재,2B,-0.25,24,47,47,46,6,12,1,0,2,19,6,0,1,0,0,0,7,2,0,1,0.261,0.255,0.413,0.668,-0.061,50.7,Doosan
26,김대한,CF,-0.28,26,58,56,47,7,6,1,0,0,7,4,1,1,7,1,0,16,0,2,1,0.128,0.25,0.149,0.399,-0.108,17.6,Doosan
27,김인태,LF,-0.42,10,26,26,23,3,4,0,0,1,7,2,0,0,2,0,0,7,1,0,1,0.174,0.231,0.304,0.535,-0.123,2.9,Doosan
28,박계범,SS,-0.43,24,20,20,15,5,3,1,0,0,4,0,1,0,5,0,0,7,2,0,0,0.2,0.4,0.267,0.667,0.031,120.1,Doosan
29,김태근,LF,-0.55,19,19,18,16,1,2,0,0,0,2,1,0,0,0,2,0,6,0,1,0,0.125,0.222,0.125,0.347,-0.148,-9.5,Doosan
1,김도영,3B,2.04,40,184,182,169,38,56,5,2,11,98,27,17,1,10,2,1,36,1,1,2,0.331,0.372,0.58,0.952,0.054,137.7,KIA
2,최원준,CF,1.29,38,150,149,134,17,43,10,1,3,64,21,12,6,15,0,0,24,4,1,0,0.321,0.389,0.478,0.867,0.049,134.0,KIA
3,최형우,DH,1.13,39,164,164,144,25,42,12,0,7,75,35,0,1,17,1,1,26,0,0,2,0.292,0.366,0.521,0.887,0.059,141.9,KIA
4,김선빈,2B,1.04,36,138,136,118,17,34,6,0,4,52,16,3,0,14,4,0,18,8,1,0,0.288,0.382,0.441,0.823,0.018,110.8,KIA
5,이우성,1B,0.74,40,168,168,149,32,49,8,0,5,72,26,5,0,17,2,0,30,6,0,0,0.329,0.405,0.483,0.888,0.051,135.9,KIA
6,한준수,C,0.7,31,87,87,78,10,27,5,0,2,38,15,0,0,5,1,0,17,1,0,3,0.346,0.379,0.487,0.866,0.031,120.5,KIA
7,김태군,C,0.66,27,73,72,62,7,16,2,0,2,24,10,0,0,5,5,0,6,4,1,0,0.258,0.361,0.387,0.748,0.002,98.6,KIA
8,서건창,2B,0.58,33,96,96,77,18,23,5,0,1,31,9,3,1,17,1,0,9,1,0,1,0.299,0.427,0.403,0.83,0.038,125.8,KIA
9,박찬호,SS,0.55,32,140,138,129,14,35,6,0,0,41,8,5,2,7,1,0,13,1,2,1,0.271,0.312,0.318,0.63,-0.044,63.5,KIA
10,김호령,CF,0.32,34,36,36,31,5,5,0,0,1,8,3,2,1,5,0,0,16,0,0,0,0.161,0.278,0.258,0.536,-0.084,32.5,KIA
11,이창진,LF,0.29,34,79,77,57,11,15,2,0,0,17,6,2,1,18,0,0,11,1,2,2,0.263,0.429,0.298,0.727,0.012,106.1,KIA
12,홍종표,2B,0.25,18,31,30,26,3,8,2,1,0,12,4,0,1,3,1,0,8,0,1,0,0.308,0.4,0.462,0.862,0.041,126.8,KIA
13,박정우,CF,0.15,3,6,6,5,0,2,0,0,0,2,0,0,0,1,0,0,0,1,0,0,0.4,0.5,0.4,0.9,0.075,153.7,KIA
14,고종욱,LF,0.15,22,27,27,24,3,7,2,0,1,12,4,0,0,3,0,0,4,2,0,0,0.292,0.37,0.5,0.87,0.026,116.8,KIA
15,박민,SS,0.11,7,13,13,13,2,4,2,0,0,6,1,0,0,0,0,0,4,0,0,0,0.308,0.308,0.462,0.77,-0.008,90.9,KIA
16,변우혁,1B,0.06,2,3,3,3,0,1,0,0,0,1,0,0,0,0,0,0,2,0,0,0,0.333,0.333,0.333,0.666,-0.032,72.5,KIA
17,소크라테스,LF,0.01,40,175,174,163,25,44,8,0,8,76,29,3,0,10,1,2,24,4,0,1,0.27,0.314,0.466,0.78,0.007,102.3,KIA
18,전상현,P,0.0,1,0,0,0,0,0,0,0,0,0,0,0,0,0,0,0,0,0,0,0,,,,,,,KIA
18,최지민,P,0.0,1,0,0,0,0,0,0,0,0,0,0,0,0,0,0,0,0,0,0,0,,,,,,,KIA
18,곽도규,P,0.0,1,0,0,0,0,0,0,0,0,0,0,0,0,0,0,0,0,0,0,0,,,,,,,KIA
21,황대인,1B,-0.02,3,7,7,7,1,2,1,0,0,3,3,0,0,0,0,0,1,0,0,0,0.286,0.286,0.429,0.715,-0.029,74.8,KIA
22,김규성,2B,-0.07,6,4,4,2,1,1,1,0,0,2,2,0,0,2,0,0,1,0,0,0,0.5,0.75,1.0,1.75,0.327,345.7,KIA
23,한승택,C,-0.13,4,2,2,1,0,0,0,0,0,0,0,0,0,1,0,0,0,0,0,0,0.0,0.5,0.0,0.5,0.034,122.6,KIA
24,나성범,RF,-0.22,9,34,34,25,1,2,1,0,0,3,0,0,0,9,0,0,12,0,0,0,0.08,0.324,0.12,0.444,-0.077,38.1,KIA
1,박민우,2B,2.09,37,170,165,143,21,43,7,1,1,55,13,16,3,18,6,3,27,1,2,1,0.301,0.399,0.385,0.784,0.026,116.1,NC
2,박건우,RF,1.8,38,153,151,134,25,48,10,1,3,69,19,2,0,18,1,2,27,1,0,0,0.358,0.438,0.515,0.953,0.075,152.9,NC
3,권희동,LF,1.64,39,164,164,128,21,33,9,1,1,47,21,1,0,28,5,0,22,1,0,3,0.258,0.402,0.367,0.769,0.018,110.8,NC
4,김주원,SS,1.08,40,136,131,111,15,23,4,1,3,38,15,5,1,14,5,0,42,0,5,1,0.207,0.321,0.342,0.663,-0.036,70.7,NC
5,김형준,C,0.91,33,133,132,111,18,27,4,0,8,55,22,0,0,20,1,0,47,3,1,0,0.243,0.364,0.495,0.859,0.017,109.6,NC
6,데이비슨,1B,0.7,32,141,141,121,23,32,8,0,8,64,27,0,1,13,6,0,39,2,0,1,0.264,0.362,0.529,0.891,0.042,128.7,NC
7,김성욱,CF,0.53,39,145,145,126,23,25,5,0,7,51,24,5,1,14,5,0,31,4,0,0,0.198,0.303,0.405,0.708,-0.019,82.5,NC
8,서호철,3B,0.52,40,167,166,145,19,44,5,0,2,55,25,1,2,16,4,0,34,7,1,1,0.303,0.386,0.379,0.765,0.012,106.3,NC
9,손아섭,DH,0.46,39,178,178,170,24,51,8,0,3,68,29,6,1,7,0,0,34,0,0,1,0.3,0.326,0.4,0.726,-0.005,93.1,NC
10,최정원,2B,0.27,22,48,47,37,11,9,0,0,0,9,4,3,0,7,2,0,14,1,1,1,0.243,0.383,0.243,0.626,-0.029,75.3,NC
11,오영수,3B,0.24,13,25,25,22,3,5,0,0,2,11,3,0,0,1,1,0,5,0,0,1,0.227,0.28,0.5,0.78,0.005,100.8,NC
12,박세혁,C,0.22,22,46,44,38,3,10,3,0,0,13,2,1,0,5,1,0,13,0,2,0,0.263,0.364,0.342,0.706,-0.007,92.0,NC
13,김한별,SS,0.07,18,31,31,27,6,10,1,0,0,11,2,0,0,1,3,0,7,0,0,0,0.37,0.452,0.407,0.859,0.045,130.8,NC
14,박영빈,CF,0.07,6,3,3,3,1,1,1,0,0,2,0,2,0,0,0,0,2,0,0,0,0.333,0.333,0.667,1.0,0.057,139.9,NC
15,김수윤,1B,0.03,4,6,6,5,0,1,0,0,0,1,0,0,0,1,0,0,3,0,0,0,0.2,0.333,0.2,0.533,-0.064,47.8,NC
16,한재승,P,0.0,1,0,0,0,0,0,0,0,0,0,0,0,0,0,0,0,0,0,0,0,,,,,,,NC
17,김세훈,2B,0.0,1,0,0,0,0,0,0,0,0,0,0,0,0,0,0,0,0,0,0,0,,,,,,,NC
18,도태훈,3B,-0.02,23,33,33,27,3,4,2,0,0,6,2,0,0,3,2,0,6,1,0,1,0.148,0.273,0.222,0.495,-0.089,29.3,NC
19,천재환,CF,-0.48,29,50,48,44,8,13,2,1,1,20,8,3,0,2,2,0,8,3,2,0,0.295,0.354,0.455,0.809,0.003,99.2,NC
,로하스,RF,2.17,42,194,192,160,30,45,12,0,10,87,28,0,1,31,2,2,41,4,0,1,0.281,0.402,0.544,0.946,0.063,144.6,KT
,문상철,1B,2.06,35,121,121,102,18,35,2,0,8,61,19,2,0,15,3,1,24,4,0,1,0.343,0.438,0.598,1.036,0.111,181.7,KT
,강백호,RF,1.86,42,196,196,183,33,63,11,0,12,110,41,0,2,10,1,0,36,1,0,2,0.344,0.378,0.601,0.979,0.08,157.6,KT
,장성우,C,1.0,39,135,135,117,12,32,4,0,4,48,21,0,0,16,0,0,22,1,0,2,0.274,0.356,0.41,0.766,-0.004,94.0,KT
,신본기,SS,0.76,24,44,42,33,6,10,1,0,2,17,7,1,0,8,0,0,8,1,2,1,0.303,0.429,0.515,0.944,0.064,143.4,KT
,천성호,2B,0.46,42,190,189,177,34,57,7,3,1,73,16,4,0,10,1,0,30,4,1,1,0.322,0.36,0.412,0.772,0.012,105.8,KT
,김상수,SS,0.34,34,121,117,107,18,27,6,1,2,41,18,2,0,7,2,0,14,4,4,1,0.252,0.308,0.383,0.691,-0.019,83.2,KT
,조대현,C,0.23,7,9,8,6,0,3,0,0,0,3,0,0,0,2,0,0,2,0,1,0,0.5,0.625,0.5,1.125,0.173,214.6,KT
,김병준,LF,0.17,23,10,10,8,7,3,0,0,0,3,0,0,0,2,0,0,0,0,0,0,0.375,0.5,0.375,0.875,0.058,141.0,KT
,김준태,C,0.15,12,18,18,17,4,5,1,0,0,6,1,0,0,1,0,0,4,0,0,0,0.294,0.333,0.353,0.686,-0.029,74.9,KT
,황재균,3B,0.11,41,165,162,149,15,36,5,0,0,41,10,3,1,13,0,0,26,5,3,0,0.242,0.302,0.275,0.577,-0.068,46.4,KT
,박경수,2B,0.08,5,3,3,3,2,2,1,0,0,3,1,0,0,0,0,0,1,0,0,0,0.667,0.667,1.0,1.667,0.355,367.4,KT
,김민혁,LF,0.03,32,100,100,91,8,29,3,0,0,32,16,1,0,8,0,0,10,2,0,1,0.319,0.37,0.352,0.722,0.0,97.1,KT
,오윤석,2B,0.02,5,6,6,5,1,1,0,0,0,1,2,0,0,1,0,0,2,0,0,0,0.2,0.333,0.2,0.533,-0.065,47.2,KT
,장준원,3B,-0.05,5,4,4,4,1,1,0,0,0,1,0,0,0,0,0,0,1,0,0,0,0.25,0.25,0.25,0.5,-0.11,13.0,KT
,송민섭,RF,-0.08,5,1,1,1,1,0,0,0,0,0,0,0,1,0,0,0,0,0,0,0,0.0,0.0,0.0,0.0,-0.297,-129.0,KT
,김건형,LF,-0.14,8,22,22,21,1,3,1,0,0,4,1,0,0,1,0,0,8,0,0,0,0.143,0.182,0.19,0.372,-0.08,35.7,KT
,홍현빈,CF,-0.14,4,3,3,2,0,0,0,0,0,0,0,0,0,1,0,0,2,0,0,0,0.0,0.333,0.0,0.333,-0.088,29.5,KT
,안치영,RF,-0.2,18,38,36,35,8,8,0,0,0,8,3,0,1,1,0,0,10,0,2,0,0.229,0.25,0.229,0.479,-0.1,24.8,KT
,배정대,CF,-0.31,14,68,68,62,6,18,3,0,1,24,9,3,2,4,0,0,20,0,0,2,0.29,0.324,0.387,0.711,-0.023,79.6,KT
,정준영,LF,-0.34,10,16,15,12,3,1,0,0,0,1,0,0,0,3,0,0,3,0,1,0,0.083,0.267,0.083,0.35,-0.065,50.6,KT
,조용호,LF,-0.34,34,105,104,98,12,25,3,0,0,28,8,3,0,6,0,0,20,3,1,0,0.255,0.298,0.286,0.584,-0.057,53.9,KT
,이호연,2B,-0.39,16,24,24,23,2,4,0,0,0,4,0,0,0,1,0,0,7,2,0,0,0.174,0.208,0.174,0.382,-0.152,-18.8,KT
,박병호,1B,-0.47,37,100,100,86,7,17,1,0,3,27,10,1,0,11,3,0,32,8,0,0,0.198,0.31,0.314,0.624,-0.041,65.6,KT
1,김혜성,2B,2.18,,153,153,140,25,40,4,1,7,67,24,8,1,11,2,0,14,1,0,0,0.286,0.346,0.479,0.825,0.028,118.4,KW
2,도슨,LF,1.61,,179,179,160,28,56,12,2,6,90,23,1,2,16,2,0,26,2,0,1,0.35,0.413,0.563,0.976,0.081,158.8,KW
3,송성문,3B,1.01,,143,143,126,16,34,4,1,6,58,25,0,0,13,1,0,17,2,0,3,0.27,0.336,0.46,0.796,0.013,106.9,KW
4,이형종,RF,0.94,,87,87,71,18,19,3,0,4,34,17,1,0,15,1,0,17,0,0,0,0.268,0.402,0.479,0.881,0.061,143.6,KW
5,이주형,CF,0.68,,49,49,46,10,17,3,1,1,25,3,0,0,3,0,0,10,0,0,0,0.37,0.408,0.543,0.951,0.091,166.2,KW
6,이용규,LF,0.67,,100,98,83,12,26,3,0,1,32,5,1,1,12,2,0,17,0,2,1,0.313,0.408,0.386,0.794,0.026,116.1,KW
7,고영우,3B,0.42,,70,70,64,7,24,4,0,0,28,7,0,0,6,0,0,17,0,0,0,0.375,0.429,0.438,0.867,0.052,136.4,KW
8,변상권,CF,0.35,,56,56,52,3,14,1,0,2,21,9,0,0,3,0,0,14,2,0,1,0.269,0.304,0.404,0.708,-0.01,89.4,KW
9,주성원,RF,0.06,,44,43,39,6,9,1,0,1,13,5,0,0,4,0,0,14,2,1,0,0.231,0.302,0.333,0.635,-0.023,80.0,KW
10,송지후,2B,0.04,,1,1,1,1,0,0,0,0,0,0,0,0,0,0,0,0,0,0,0,0.0,0.0,0.0,0.0,0.539,507.6,KW
11,김시앙,C,0.03,,6,6,6,1,1,0,0,0,1,0,0,0,0,0,0,1,0,0,0,0.167,0.167,0.167,0.334,-0.193,-50.0,KW
12,김주형,SS,0.03,,2,2,1,0,0,0,0,0,0,0,0,0,0,1,0,1,0,0,0,0.0,0.5,0.0,0.5,0.036,124.4,KW
13,김재웅,P,0.0,,0,0,0,0,0,0,0,0,0,0,0,0,0,0,0,0,0,0,0,,,,,,,KW
13,김연주,P,0.0,,0,0,0,0,0,0,0,0,0,0,0,0,0,0,0,0,0,0,0,,,,,,,KW
13,김윤하,P,0.0,,0,0,0,0,0,0,0,0,0,0,0,0,0,0,0,0,0,0,0,,,,,,,KW
13,문성현,P,0.0,,0,0,0,0,0,0,0,0,0,0,0,0,0,0,0,0,0,0,0,,,,,,,KW
13,주승우,P,0.0,,0,0,0,0,0,0,0,0,0,0,0,0,0,0,0,0,0,0,0,,,,,,,KW
18,김휘집,SS,-0.02,,156,154,138,19,33,7,1,4,54,23,0,0,12,3,1,43,9,1,2,0.239,0.31,0.391,0.701,-0.026,77.3,KW
19,김동헌,C,-0.09,,7,7,5,0,1,0,0,0,1,1,0,0,1,1,0,0,0,0,0,0.2,0.429,0.2,0.629,0.001,97.3,KW
20,박성빈,C,-0.1,,9,9,8,0,1,0,0,0,1,0,0,0,1,0,0,2,0,0,0,0.125,0.222,0.125,0.347,-0.153,-19.6,KW
21,김웅빈,1B,-0.1,,4,3,3,0,0,0,0,0,0,0,0,0,0,0,0,2,0,1,0,0.0,0.0,0.0,0.0,-0.309,-78.7,KW
22,이승원,2B,-0.12,,5,4,4,0,0,0,0,0,0,0,0,0,0,0,0,2,0,1,0,0.0,0.0,0.0,0.0,-0.321,-98.2,KW
23,김태진,3B,-0.19,,14,14,14,1,3,0,0,0,3,0,0,0,0,0,0,1,0,0,0,0.214,0.214,0.214,0.428,-0.141,-10.4,KW
24,박준형,C,-0.26,,5,5,5,0,0,0,0,0,0,0,0,0,0,0,0,3,0,0,0,0.0,0.0,0.0,0.0,-0.314,-142.0,KW
25,이재상,SS,-0.31,,26,26,26,3,6,1,0,1,10,3,0,0,0,0,0,8,0,0,0,0.231,0.231,0.385,0.616,-0.096,23.9,KW
26,김재현,C,-0.36,,124,122,112,13,26,7,0,0,33,11,0,0,3,4,0,29,4,2,3,0.232,0.27,0.295,0.565,-0.077,38.9,KW
27,이원석,1B,-0.54,,81,81,68,5,16,3,0,0,19,6,0,0,10,1,0,11,1,0,2,0.235,0.333,0.279,0.612,-0.049,59.5,KW
28,박수종,CF,-0.59,,37,37,34,5,6,0,0,0,6,2,0,0,2,1,0,1,1,0,0,0.176,0.243,0.176,0.419,-0.128,-0.7,KW
29,예진원,CF,-0.61,,21,21,19,2,4,1,0,0,5,0,0,0,2,0,0,8,1,0,0,0.211,0.286,0.263,0.549,-0.084,32.5,KW
30,임지열,LF,-0.7,,41,41,37,3,4,0,0,1,7,4,0,0,3,0,0,12,2,0,1,0.108,0.171,0.189,0.36,-0.124,2.6,KW
31,최주환,1B,-0.95,,135,135,121,13,22,4,0,4,38,17,0,1,11,2,1,27,4,0,1,0.182,0.259,0.314,0.573,-0.081,35.2,KW
1,오스틴,1B,1.68,,185,183,158,26,50,8,1,10,90,29,4,1,22,2,2,36,3,0,3,0.316,0.4,0.57,0.97,0.083,159.6,LG
2,박동원,C,1.46,,147,146,124,15,33,5,0,5,53,20,1,0,20,0,0,28,4,1,2,0.266,0.363,0.427,0.79,0.028,117.8,LG
3,문성주,LF,1.33,,167,166,139,19,42,8,1,0,52,24,5,3,22,2,0,16,1,1,3,0.302,0.398,0.374,0.772,0.019,111.5,LG
4,홍창기,RF,1.28,,178,178,144,26,42,1,2,2,53,15,5,1,30,4,1,29,4,0,0,0.292,0.427,0.368,0.795,0.035,123.5,LG
5,박해민,CF,0.84,,182,180,159,26,45,5,2,1,57,18,22,3,14,3,0,36,2,2,4,0.283,0.344,0.358,0.702,-0.026,77.3,LG
6,구본혁,3B,0.79,,79,79,69,11,22,4,0,1,29,14,1,1,8,1,0,6,1,0,1,0.319,0.392,0.42,0.812,0.031,120.7,LG
7,오지환,SS,0.74,,148,147,127,23,30,10,1,2,48,10,9,3,18,2,0,43,1,1,0,0.236,0.34,0.378,0.718,-0.004,93.6,LG
8,김현수,DH,0.71,,183,183,167,17,54,9,1,4,77,26,2,1,14,0,1,22,2,0,2,0.323,0.372,0.461,0.833,0.024,115.2,LG
9,신민재,2B,0.65,,146,142,121,23,32,5,1,0,39,17,12,2,20,0,0,15,3,4,1,0.264,0.366,0.322,0.688,-0.012,88.1,LG
10,김범석,C,0.51,,71,70,61,6,21,2,0,3,32,16,0,0,9,1,2,17,0,0,0,0.344,0.437,0.525,0.962,0.067,147.5,LG
11,안익훈,CF,0.1,,7,7,6,2,2,1,0,0,3,1,0,0,0,0,0,0,0,0,1,0.333,0.286,0.5,0.786,-0.027,76.3,LG
12,김현종,CF,0.09,,9,9,9,6,2,1,0,0,3,2,0,0,0,0,0,2,0,0,0,0.222,0.222,0.333,0.555,0.014,107.8,LG
13,최승민,LF,0.08,,6,6,6,9,1,0,0,0,1,0,8,4,0,0,0,1,0,0,0,0.167,0.167,0.167,0.334,-0.177,-38.3,LG
14,최원영,LF,0.06,,2,2,2,0,1,0,0,0,1,1,1,1,0,0,0,0,0,0,0,0.5,0.5,0.5,1.0,0.104,176.2,LG
15,김주성,2B,0.02,,1,1,1,0,0,0,0,0,0,0,0,0,0,0,0,0,0,0,0,0.0,0.0,0.0,0.0,-0.297,-129.0,LG
16,최동환,P,0.0,,0,0,0,0,0,0,0,0,0,0,0,0,0,0,0,0,0,0,0,,,,,,,LG
17,송찬의,RF,-0.02,,1,1,1,0,0,0,0,0,0,0,0,0,0,0,0,0,0,0,0,0.0,0.0,0.0,0.0,-0.328,-152.6,LG
18,허도환,C,-0.16,,29,27,21,4,3,0,0,0,3,0,0,0,2,4,0,6,2,2,0,0.143,0.333,0.143,0.476,-0.073,45.5,LG
19,김태우,2B,-0.17,,3,3,3,0,0,0,0,0,0,0,0,0,0,0,0,2,0,0,0,0.0,0.0,0.0,0.0,-0.309,-138.2,LG
20,손호영,3B,-0.21,,2,2,2,0,0,0,0,0,0,0,0,0,0,0,0,0,1,0,0,0.0,0.0,0.0,0.0,-0.312,-140.8,LG
21,문보경,3B,-0.6,,173,171,150,17,38,7,0,4,57,22,1,3,17,0,1,32,5,1,5,0.253,0.32,0.38,0.7,-0.017,84.1,LG
1,최재훈,C,0.86,26,88,85,64,9,19,3,0,0,22,6,0,0,10,8,0,16,0,3,3,0.297,0.435,0.344,0.779,0.038,125.2,hanhwa
2,박상언,C,0.25,12,32,32,27,4,9,2,0,0,11,4,0,0,4,1,0,5,0,0,0,0.333,0.438,0.407,0.845,0.046,131.6,hanhwa
3,이재원,C,0.0,17,37,36,28,3,5,0,0,0,5,3,0,0,5,2,1,5,1,1,1,0.179,0.333,0.179,0.512,-0.068,46.5,hanhwa
1,안치홍,1B,-0.2,40,168,168,150,17,38,8,0,2,52,16,2,1,14,3,0,24,1,0,1,0.253,0.327,0.347,0.674,-0.020,81.9,hanhwa
2,김인환,1B,-0.23,3,4,4,4,0,0,0,0,0,0,0,0,0,0,0,0,2,0,0,0,0.0,0.0,0.0,0.0,-0.306,-135.9,hanhwa
3,채은성,1B,-0.5,29,121,121,111,11,22,5,0,2,33,17,1,0,8,1,0,25,3,0,1,0.198,0.256,0.297,0.553,-0.059,51.8,hanhwa
1,정은원,2B,0.13,22,70,69,57,10,11,3,1,1,19,6,2,0,12,0,0,13,0,1,0,0.193,0.333,0.333,0.666,-0.026,77.3,hanhwa
2,문현빈,2B,-0.6,32,119,118,106,16,26,4,1,2,38,15,0,4,11,0,0,25,5,1,1,0.245,0.314,0.358,0.672,-0.035,70.1,hanhwa
1,노시환,3B,1.04,40,177,175,157,22,42,3,1,8,71,30,2,0,18,2,4,38,2,0,0,0.268,0.35,0.452,0.802,0.009,104.0,hanhwa
1,이도윤,SS,0.8,34,65,65,60,10,17,3,2,0,24,8,1,0,4,1,0,9,1,0,0,0.283,0.338,0.4,0.738,0.002,98.7,hanhwa
2,황영묵,SS,0.51,25,86,86,78,11,26,2,0,1,31,9,1,1,6,2,0,12,2,0,0,0.333,0.395,0.397,0.792,0.022,113.8,hanhwa
3,하주석,SS,0.05,11,36,36,34,2,11,3,0,0,14,3,0,2,2,0,0,9,0,0,0,0.324,0.361,0.412,0.773,0.008,103.3,hanhwa
1,최인호,LF,1.57,38,140,137,114,21,31,8,1,1,44,10,1,0,19,2,0,22,0,3,2,0.272,0.38,0.386,0.766,0.038,124.9,hanhwa
2,이명기,LF,-0.09,3,7,7,7,0,0,0,0,0,0,1,0,0,0,0,0,3,0,0,0,0.0,0.0,0.0,0.0,-0.3hanhwa,-150.0,hanhwa
3,유로결,LF,-0.17,3,3,3,3,0,0,0,0,0,0,0,0,0,0,0,0,1,1,0,0,0.0,0.0,0.0,0.0,-0.313,-141.5,hanhwa
1,이원석,CF,0.06,17,6,6,5,1,1,0,0,0,1,1,1,0,1,0,0,2,1,0,0,0.2,0.333,0.2,0.533,-0.071,43.0,hanhwa
2,장진혁,CF,-0.06,2,7,7,6,2,1,0,0,0,1,0,1,0,0,1,0,3,0,0,0,0.167,0.286,0.167,0.453,-0.097,23.3,hanhwa
3,임종찬,CF,-0.19,21,60,60,54,8,8,3,2,0,15,7,0,1,5,1,0,17,2,0,0,0.148,0.233,0.278,0.511,-0.074,40.6,hanhwa
4,김강민,CF,-0.67,13,25,25,23,0,2,0,0,0,2,0,0,0,2,0,0,7,1,0,0,0.087,0.16,0.087,0.247,-0.194,-51.0,hanhwa
1,페라자,RF,1.82,40,187,186,162,30,50,10,0,12,96,31,2,3,24,0,2,45,2,0,1,0.309,0.396,0.593,0.989,0.092,166.4,hanhwa
2,이진영,RF,0.02,23,63,63,55,9,11,4,0,0,15,8,0,0,6,2,0,18,1,0,0,0.2,0.302,0.273,0.575,-0.063,48.7,hanhwa
3,김태연,RF,0.0,27,68,67,55,8,15,6,0,1,24,9,0,2,10,2,0,7,1,1,0,0.273,0.403,0.436,0.839,0.041,127.3,hanhwa
1,서동욱,C,0.0,2,3,3,2,1,0,0,0,0,0,0,0,0,0,1,0,1,0,0,0,0.0,0.333,0.0,0.333,-0.086,31.6,lotte
2,백두산,C,-0.02,1,1,1,1,0,0,0,0,0,0,0,0,0,0,0,0,1,0,0,0,0.0,0.0,0.0,0.0,-0.315,-142.9,lotte
3,손성빈,C,-0.16,12,17,17,15,3,1,0,0,0,1,0,0,0,2,0,0,5,1,0,0,0.067,0.176,0.067,0.243,-0.187,-45.7,lotte
4,정보근,C,-0.2,25,55,54,53,1,13,0,1,0,15,2,0,0,1,0,0,10,3,1,0,0.245,0.259,0.283,0.542,-0.081,36.2,lotte
5,유강남,C,-0.51,26,76,75,67,2,11,2,0,0,13,4,0,0,5,3,0,10,2,1,0,0.164,0.253,0.194,0.447,-0.111,13.8,lotte
1,정훈,1B,0.09,36,139,139,129,12,35,9,0,3,53,15,1,0,10,0,0,24,1,0,0,0.271,0.324,0.411,0.735,-0.013,86.8,lotte
2,나승엽,1B,-0.24,17,57,57,52,7,14,1,2,0,19,3,0,0,4,0,0,17,0,0,1,0.269,0.316,0.365,0.681,-0.033,72.0,lotte
1,정대선,2B,0.0,3,2,2,2,0,0,0,0,0,0,0,0,0,0,0,0,2,0,0,0,0.0,0.0,0.0,0.0,-0.315,-142.9,lotte
2,김민성,2B,-0.04,19,52,52,43,2,9,1,0,1,13,4,0,1,7,1,0,9,1,0,1,0.209,0.327,0.302,0.629,-0.052,57.5,lotte
3,최항,2B,-0.13,25,63,63,56,3,13,2,0,0,15,6,0,0,7,0,0,15,2,0,0,0.232,0.317,0.268,0.585,-0.066,46.9,lotte
4,이주찬,2B,-0.36,14,24,24,23,6,4,1,0,1,8,2,0,0,1,0,0,9,1,0,0,0.174,0.208,0.348,0.556,-0.018,83.5,lotte
1,손호영,3B,0.93,27,104,103,98,15,32,6,2,3,51,18,6,3,3,2,0,21,1,1,0,0.327,0.359,0.52,0.879,0.054,137.4,lotte
2,오선진,3B,0.06,8,12,11,8,0,1,0,0,0,1,0,0,0,1,2,0,4,0,1,0,0.125,0.364,0.125,0.489,-0.053,59.9,lotte
3,한동희,3B,-0.21,10,23,23,22,1,7,2,0,0,9,3,0,0,1,0,1,5,0,0,0,0.318,0.348,0.409,0.757,-0.021,81.1,lotte
4,박승욱,3B,-0.79,37,90,90,81,8,18,2,0,1,23,7,0,1,7,2,0,23,2,0,0,0.222,0.3,0.284,0.584,-0.066,46.5,lotte
1,이학주,SS,0.15,18,55,53,47,7,16,2,1,0,20,0,0,0,5,1,0,22,0,2,0,0.34,0.415,0.426,0.841,0.024,114.3,lotte
2,노진혁,SS,-0.29,17,45,45,39,3,6,1,0,0,7,2,0,0,6,0,0,12,0,0,0,0.154,0.267,0.179,0.446,-0.108,14.7,lotte
1,황성빈,LF,1.15,26,41,41,37,18,14,0,2,3,27,8,12,0,4,0,0,7,0,0,0,0.378,0.439,0.73,1.169,0.166,223.4,lotte
2,고승민,LF,0.95,20,79,79,72,8,22,8,1,2,38,14,3,0,5,1,0,15,1,0,1,0.306,0.354,0.528,0.882,0.044,130.5,lotte
3,이정훈,LF,0.2,13,31,31,24,1,6,3,0,0,9,7,0,0,6,0,0,9,1,0,1,0.25,0.387,0.375,0.762,0.032,121.5,lotte
1,윤동희,CF,0.49,38,160,160,142,31,39,10,1,2,57,13,2,2,16,0,0,26,2,0,2,0.275,0.344,0.401,0.745,-0.008,90.9,lotte
2,신윤후,CF,0.01,3,1,1,1,1,0,0,0,0,0,0,0,0,0,0,0,1,0,0,0,0.0,0.0,0.0,0.0,-0.315,-142.9,lotte
3,김민석,CF,-0.3,15,48,47,44,3,9,1,1,0,12,2,1,1,1,2,0,12,3,1,0,0.205,0.255,0.273,0.528,-0.08,37.4,lotte
1,레이예스,RF,1.25,39,173,173,156,23,54,9,0,5,78,28,4,0,14,1,0,26,5,0,2,0.346,0.399,0.5,0.899,0.054,137.8,lotte
2,장두성,RF,0.04,19,14,14,11,4,2,0,0,0,2,0,4,2,2,1,0,4,0,0,0,0.182,0.357,0.182,0.539,-0.061,50.3,lotte
1,전준우,DH,1.12,39,172,172,156,19,48,11,1,6,79,29,3,0,13,2,0,25,4,0,1,0.308,0.366,0.506,0.872,0.049,134.2,lotte
1,김영웅,SS,1.89,40,173,172,153,24,46,8,1,9,83,26,3,0,18,1,0,50,2,1,0,0.301,0.378,0.542,0.92,0.038,125.8,Samsung
2,구자욱,LF,1.71,39,179,178,158,26,49,10,0,8,83,33,3,2,13,6,1,26,1,0,2,0.31,0.38,0.525,0.905,0.046,132.0,Samsung
3,맥키넌,1B,1.56,36,162,160,138,17,50,7,0,3,66,19,1,0,24,0,3,15,3,0,0,0.362,0.457,0.478,0.935,0.062,143.6,Samsung
4,김지찬,CF,1.3,41,169,165,143,24,40,7,0,1,50,13,12,0,18,4,0,11,1,4,0,0.28,0.376,0.35,0.726,0.002,98.5,Samsung
5,이성규,CF,1.12,38,89,86,68,12,16,3,0,5,34,16,2,0,10,6,0,27,1,3,2,0.235,0.372,0.5,0.872,0.025,115.5,Samsung
6,이재현,SS,1.1,24,108,108,94,15,26,7,0,3,42,13,0,0,13,0,0,23,1,0,1,0.277,0.361,0.447,0.808,0.008,103.0,Samsung
7,김헌곤,RF,0.44,37,78,77,70,11,23,3,0,2,32,9,1,1,6,1,0,15,1,1,0,0.329,0.39,0.457,0.847,0.032,121.3,Samsung
8,강민호,C,0.27,41,134,133,119,14,31,2,0,2,39,13,0,0,12,2,1,13,8,0,1,0.261,0.336,0.328,0.664,-0.027,76.4,Samsung
9,김재혁,LF,0.27,12,34,34,30,5,7,2,1,0,11,6,2,1,2,0,0,11,0,0,2,0.233,0.265,0.367,0.632,-0.025,77.6,Samsung
10,류지혁,2B,0.23,23,81,81,71,9,20,1,0,1,24,12,3,2,8,1,0,14,0,0,1,0.282,0.358,0.338,0.696,-0.011,88.6,Samsung
11,전병우,3B,0.2,4,12,12,10,1,4,2,0,0,6,1,0,0,1,1,0,4,0,0,0,0.4,0.5,0.6,1.1,0.136,200.1,Samsung
12,류승민,LF,0.13,5,3,3,1,1,0,0,0,0,0,0,0,0,2,0,0,1,0,0,0,0.0,0.667,0.0,0.667,0.138,201.8,Samsung
13,김재상,2B,0.08,24,68,67,64,10,15,3,0,1,21,9,2,0,2,0,0,16,0,1,1,0.234,0.254,0.328,0.582,-0.091,28.4,Samsung
14,안주형,2B,0.07,9,34,33,30,4,8,2,0,0,10,1,2,1,3,0,0,5,0,1,0,0.267,0.333,0.333,0.666,0.014,107.4,Samsung
15,김태훈,P,0.0,1,0,0,0,0,0,0,0,0,0,0,0,0,0,0,0,0,0,0,0,,,,,,,Samsung
15,김대우,P,0.0,1,0,0,0,0,0,0,0,0,0,0,0,0,0,0,0,0,0,0,0,,,,,,,Samsung
15,육선엽,P,0.0,1,0,0,0,0,0,0,0,0,0,0,0,0,0,0,0,0,0,0,0,,,,,,,Samsung
18,이병헌,C,0.0,21,41,41,35,2,10,1,0,0,11,3,0,0,5,1,0,10,0,0,0,0.286,0.39,0.314,0.704,-0.012,88.0,Samsung
19,김동엽,LF,0.0,6,14,13,11,1,2,1,0,0,3,2,0,0,1,1,1,5,0,0,1,0.182,0.286,0.273,0.559,-0.04,69.1,Samsung
20,김호진,2B,-0.06,13,25,25,22,0,2,0,0,0,2,3,0,0,1,1,0,8,1,0,1,0.091,0.16,0.091,0.251,-0.158,-23.9,Samsung
21,공민규,1B,-0.06,8,14,14,11,1,1,0,0,1,4,2,0,0,1,2,0,7,1,0,0,0.091,0.286,0.364,0.65,-0.034,70.9,Samsung
22,김재성,C,-0.08,10,23,23,20,3,4,1,0,0,5,1,0,0,3,0,0,5,1,0,0,0.2,0.304,0.25,0.554,-0.037,68.4,Samsung
23,김성윤,RF,-0.11,27,75,72,61,13,13,2,0,0,15,6,3,1,8,1,0,15,1,3,2,0.213,0.306,0.246,0.552,-0.069,46.8,Samsung
24,김현준,CF,-0.13,27,77,76,67,9,11,6,1,0,19,6,0,0,6,1,0,21,4,1,2,0.164,0.237,0.284,0.521,-0.097,23.8,Samsung
25,오재일,1B,-0.26,12,47,47,41,3,8,4,1,1,17,5,0,0,6,0,0,8,2,0,0,0.195,0.298,0.415,0.713,-0.037,68.5,Samsung
26,김동진,2B,-0.28,6,7,7,6,0,0,0,0,0,0,0,0,0,1,0,0,3,0,0,0,0.0,0.143,0.0,0.143,-0.223,-73.2,Samsung
27,강한울,3B,-0.35,18,25,22,21,1,2,0,0,0,2,1,0,0,0,0,0,6,1,3,1,0.095,0.091,0.095,0.186,-0.248,-69.2,Samsung
,에레디아,LF,1.56,39,165,163,149,27,58,7,0,6,83,32,1,2,11,3,2,22,4,0,2,0.389,0.436,0.557,0.993,0.079,156.5,SSG
,최지훈,CF,1.36,42,195,194,172,31,48,7,1,3,66,14,13,2,21,0,0,29,2,1,1,0.279,0.356,0.384,0.74,-0.005,93.0,SSG
,최정,3B,1.33,36,152,152,129,25,35,10,0,12,81,33,3,0,16,6,0,32,4,0,1,0.271,0.375,0.628,1.003,0.065,146.3,SSG
,박성한,SS,1.01,42,184,182,163,24,49,9,0,1,61,16,4,2,20,0,1,24,3,1,0,0.301,0.377,0.374,0.751,0.001,97.6,SSG
,이지영,C,0.8,40,133,132,122,14,35,2,0,0,37,16,4,0,6,3,0,9,1,1,1,0.287,0.333,0.303,0.636,-0.026,77.1,SSG
,김성현,2B,0.49,19,66,65,56,10,13,2,0,0,15,5,1,0,5,4,0,8,2,1,0,0.232,0.338,0.268,0.606,-0.026,77.7,SSG
,오태곤,LF,0.39,36,54,53,47,7,10,1,0,0,11,2,8,0,6,0,1,14,0,1,0,0.213,0.302,0.234,0.536,-0.077,39.2,SSG
,최경모,2B,0.23,27,25,23,19,6,4,0,0,0,4,0,3,2,4,0,0,3,0,2,0,0.211,0.348,0.211,0.559,-0.022,81.1,SSG
,박지환,SS,0.23,11,30,30,26,6,8,0,0,0,8,3,1,1,3,1,0,6,0,0,0,0.308,0.4,0.308,0.708,-0.008,90.4,SSG
,고명준,1B,0.19,40,145,145,138,13,38,5,0,5,58,20,1,4,7,0,0,35,2,0,0,0.275,0.31,0.42,0.73,-0.032,72.4,SSG
,정준재,2B,0.09,6,10,10,10,1,1,1,0,0,2,2,0,0,0,0,0,6,0,0,0,0.1,0.1,0.2,0.3,-0.193,-50.4,SSG
,추신수,DH,0.07,20,77,76,57,10,13,1,0,1,17,8,3,1,13,3,0,20,0,1,3,0.228,0.382,0.298,0.68,-0.022,80.2,SSG
,최준우,2B,0.02,2,3,3,2,0,0,0,0,0,0,0,0,0,1,0,0,0,0,0,0,0.0,0.333,0.0,0.333,-0.087,30.4,SSG
,김민식,C,0.01,2,4,4,3,0,0,0,0,0,0,0,0,0,1,0,0,0,0,0,0,0.0,0.25,0.0,0.25,-0.139,-9.1,SSG
,김창평,CF,-0.04,6,9,9,7,1,0,0,0,0,0,0,1,0,2,0,0,4,0,0,0,0.0,0.222,0.0,0.222,-0.165,-28.6,SSG
,류효승,LF,-0.06,1,2,2,2,0,0,0,0,0,0,0,0,0,0,0,0,0,0,0,0,0.0,0.0,0.0,0.0,-0.313,-141.5,SSG
,한유섬,RF,-0.07,35,144,142,129,22,31,7,0,11,71,34,0,0,12,2,2,46,1,0,1,0.24,0.313,0.55,0.863,-0.002,95.0,SSG
,강진성,RF,-0.13,6,16,15,15,2,2,0,0,0,2,2,0,0,0,0,0,5,0,1,0,0.133,0.133,0.133,0.266,-0.15,-10.3,SSG
,조형우,C,-0.19,14,33,33,28,4,7,0,0,0,7,4,0,0,1,4,0,4,0,0,0,0.25,0.364,0.25,0.614,-0.039,67.2,SSG
,안상현,2B,-0.24,21,60,59,55,2,11,1,0,0,12,2,1,1,4,0,0,10,0,1,0,0.2,0.254,0.218,0.472,-0.095,25.6,SSG
,김찬형,SS,-0.29,5,9,9,9,0,0,0,0,0,0,0,0,0,0,0,0,4,0,0,0,0.0,0.0,0.0,0.0,-0.315,-143.0,SSG
,전의산,1B,-0.39,10,25,25,23,1,3,0,0,1,6,2,0,0,2,0,0,4,1,0,0,0.13,0.2,0.261,0.461,-0.147,-15.3,SSG
,하재훈,LF,-0.7,38,111,111,105,11,27,6,0,2,39,12,2,0,3,1,0,34,1,0,2,0.257,0.279,0.371,0.65,-0.05,58.5,SSG
